<?xml version="1.0" encoding="UTF-8"?>
<rss>
	<options images="true" fulltext="true" />
	<feeds>
		<category name="News">
			<feed name="Google: Top Stories" url="http://news.google.com/?ned=us&amp;output=rss" />
			<feed name="Google: US" url="http://news.google.com/?ned=us&amp;topic=n&amp;output=rss" />
			<feed name="MSNBC Top Stores" url="http://www.msnbc.msn.com/id/3032091/device/rss/rss.xml" />
			<feed name="MSNBC US News" url="http://www.msnbc.msn.com/id/3032524/device/rss/rss.xml" />
			<feed name="CNN Top Stories" url="http://rss.cnn.com/rss/cnn_topstories.rss" />
			<feed name="CNN US" url="http://rss.cnn.com/rss/cnn_us.rss" />
		</category>
		<category name="Business">
			<feed name="Google: Business" url="http://news.google.com/?ned=us&amp;topic=b&amp;output=rss" />
			<feed name="MSNBC Business" url="http://www.msnbc.msn.com/id/3032071/device/rss/rss.xml" />
			<feed name="MSNBC US Business" url="http://www.msnbc.msn.com/id/3174182/device/rss/rss.xml" />
			<feed name="CNN Money" url="http://rss.cnn.com/rss/money_latest.rss" />
		</category>
		<category name="Technology">
			<feed name="Digg" url="http://digg.com/rss/indexnews.xml" />
			<feed name="Engadget" url="http://feeds.engadget.com/weblogsinc/engadget" />
			<feed name="Gizmodo" url="http://feeds.gawker.com/gizmodo/full" />
			<feed name="TUAW" url="http://www.tuaw.com/rss.xml" />
			<feed name="Google: Sci/Tech" url="http://news.google.com/?ned=us&amp;topic=t&amp;output=rss" />
			<feed name="MSNBC" url="http://rss.msnbc.msn.com/id/3032117/device/rss/rss.xml" />
		</category>
		<category name="Politics">
			<feed name="MSNBC Politics" url="http://rss.msnbc.msn.com/id/3032552/device/rss/rss.xml" />
		</category>
		<category name="Movies">
			<feed name="Rotten Tomatoes Top DVDs" url="http://i.rottentomatoes.com/syndication/rss/top_dvds.xml" />
			<feed name="Rotten Tomatoes New DVD Releases" url="http://i.rottentomatoes.com/syndication/rss/new_releases.xml" />
			<feed name="Rotten Tomatoes in Theater" url="http://i.rottentomatoes.com/syndication/rss/in_theaters.xml" />
			<feed name="Rotten Tomatoes Opening Movies" url="http://i.rottentomatoes.com/syndication/rss/opening.xml" />
			<feed name="NetFlix New Releases" url="http://rss.netflix.com/NewReleasesRSS" />
		</category>
		<category name="Shopping">
			<feed name="Newegg Daily Deals" url="http://www.newegg.com/Product/RSS.aspx?Submit=RSSDailyDeals" />
		</category>
	</feeds>
</rss>