--LBD01_VINCULO_USP
INSERT INTO LBD01_VINCULO_USP (NROUSP, TIPOVINC, NOME, DATAINGRESSO, DATANASCIMENTO, ATIVO) VALUES ('1', '1', 'andre', TO_DATE('29/07/10', 'DD/MM/RR'), TO_DATE('1/12/77','DD/MM/RR'), 'y');
INSERT INTO LBD01_VINCULO_USP (NROUSP, TIPOVINC, NOME, DATAINGRESSO, DATANASCIMENTO, ATIVO) VALUES ('2', '1', 'ana', TO_DATE('30/07/10', 'DD/MM/RR'), TO_DATE('2/11/85','DD/MM/RR'), 'y');
INSERT INTO LBD01_VINCULO_USP (NROUSP, TIPOVINC, NOME, DATAINGRESSO, DATANASCIMENTO, ATIVO) VALUES ('5', '2', 'adilson', TO_DATE('26/07/10', 'DD/MM/RR'), TO_DATE('3/10/86','DD/MM/RR'), 'y');
INSERT INTO LBD01_VINCULO_USP (NROUSP, TIPOVINC, NOME, DATAINGRESSO, DATANASCIMENTO, ATIVO) VALUES ('7', '2', 'bernardo', TO_DATE('27/07/10', 'DD/MM/RR'), TO_DATE('4/9/87','DD/MM/RR'), 'n');
INSERT INTO LBD01_VINCULO_USP (NROUSP, TIPOVINC, NOME, DATAINGRESSO, DATANASCIMENTO, ATIVO) VALUES ('21', '1', 'bruno', TO_DATE('30/07/10', 'DD/MM/RR'), TO_DATE('5/12/90','DD/MM/RR'), 'y');
INSERT INTO LBD01_VINCULO_USP (NROUSP, TIPOVINC, NOME, DATAINGRESSO, DATANASCIMENTO, ATIVO) VALUES ('22', '2', 'brenda', TO_DATE('28/07/10', 'DD/MM/RR'), TO_DATE('6/11/93','DD/MM/RR'), 'y');
INSERT INTO LBD01_VINCULO_USP (NROUSP, TIPOVINC, NOME, DATAINGRESSO, DATANASCIMENTO, ATIVO) VALUES ('31', '3', 'carla', TO_DATE('29/07/10', 'DD/MM/RR'), TO_DATE('7/10/94','DD/MM/RR'), 'n');
INSERT INTO LBD01_VINCULO_USP (NROUSP, TIPOVINC, NOME, DATAINGRESSO, DATANASCIMENTO, ATIVO) VALUES ('35', '3', 'caio', TO_DATE('29/07/10', 'DD/MM/RR'), TO_DATE('8/9/94','DD/MM/RR'), 'y');
INSERT INTO LBD01_VINCULO_USP (NROUSP, TIPOVINC, NOME, DATAINGRESSO, DATANASCIMENTO, ATIVO) VALUES ('37', '1', 'cassio', TO_DATE('30/07/10', 'DD/MM/RR'), TO_DATE('9/9/92','DD/MM/RR'), 'y');
INSERT INTO LBD01_VINCULO_USP (NROUSP, TIPOVINC, NOME, DATAINGRESSO, DATANASCIMENTO, ATIVO) VALUES ('39', '1', 'daniel', TO_DATE('29/07/07', 'DD/MM/RR'), TO_DATE('10/10/90','DD/MM/RR'), 'n');
INSERT INTO LBD01_VINCULO_USP (NROUSP, TIPOVINC, NOME, DATAINGRESSO, DATANASCIMENTO, ATIVO) VALUES ('40', '3', 'diogo', TO_DATE('29/07/08', 'DD/MM/RR'), TO_DATE('11/11/91','DD/MM/RR'), 'y');
INSERT INTO LBD01_VINCULO_USP (NROUSP, TIPOVINC, NOME, DATAINGRESSO, DATANASCIMENTO, ATIVO) VALUES ('41', '1', 'diego', TO_DATE('29/07/05', 'DD/MM/RR'), TO_DATE('12/12/92','DD/MM/RR'), 'y');
INSERT INTO LBD01_VINCULO_USP (NROUSP, TIPOVINC, NOME, DATAINGRESSO, DATANASCIMENTO, ATIVO) VALUES ('3', '1', 'diana', TO_DATE('29/04/08', 'DD/MM/RR'), TO_DATE('13/9/94','DD/MM/RR'), 'y');
INSERT INTO LBD01_VINCULO_USP (NROUSP, TIPOVINC, NOME, DATAINGRESSO, DATANASCIMENTO, ATIVO) VALUES ('4', '1', 'dionisio', TO_DATE('29/07/10', 'DD/MM/RR'), TO_DATE('14/10/96','DD/MM/RR'), 'n');
INSERT INTO LBD01_VINCULO_USP (NROUSP, TIPOVINC, NOME, DATAINGRESSO, DATANASCIMENTO, ATIVO) VALUES ('50', '1', 'daniela', TO_DATE('29/07/10', 'DD/MM/RR'), TO_DATE('15/11/91','DD/MM/RR'), 'y');
INSERT INTO LBD01_VINCULO_USP (NROUSP, TIPOVINC, NOME, DATAINGRESSO, DATANASCIMENTO, ATIVO) VALUES ('6', '2', 'edson', TO_DATE('29/07/02', 'DD/MM/RR'), TO_DATE('16/12/92','DD/MM/RR'), 'y');
INSERT INTO LBD01_VINCULO_USP (NROUSP, TIPOVINC, NOME, DATAINGRESSO, DATANASCIMENTO, ATIVO) VALUES ('36', '1', 'elaine', TO_DATE('29/07/10', 'DD/MM/RR'), TO_DATE('17/12/91','DD/MM/RR'), 'y');
INSERT INTO LBD01_VINCULO_USP (NROUSP, TIPOVINC, NOME, DATAINGRESSO, DATANASCIMENTO, ATIVO) VALUES ('51', '1', 'edvaldo', TO_DATE('29/07/06', 'DD/MM/RR'), TO_DATE('18/11/96','DD/MM/RR'), 'y');
INSERT INTO LBD01_VINCULO_USP (NROUSP, TIPOVINC, NOME, DATAINGRESSO, DATANASCIMENTO, ATIVO) VALUES ('52', '1', 'edmilson', TO_DATE('29/07/09', 'DD/MM/RR'), TO_DATE('19/10/95','DD/MM/RR'), 'n');
INSERT INTO LBD01_VINCULO_USP (NROUSP, TIPOVINC, NOME, DATAINGRESSO, DATANASCIMENTO, ATIVO) VALUES ('54', '1', 'evandra', TO_DATE('29/07/05', 'DD/MM/RR'), TO_DATE('20/9/97','DD/MM/RR'), 'y');
INSERT INTO LBD01_VINCULO_USP (NROUSP, TIPOVINC, NOME, DATAINGRESSO, DATANASCIMENTO, ATIVO) VALUES ('56', '1', 'everton', TO_DATE('29/04/10', 'DD/MM/RR'), TO_DATE('21/12/95','DD/MM/RR'), 'y');
INSERT INTO LBD01_VINCULO_USP (NROUSP, TIPOVINC, NOME, DATAINGRESSO, DATANASCIMENTO, ATIVO) VALUES ('57', '2', 'anderson', TO_DATE('9/05/07', 'DD/MM/RR'), TO_DATE('2/1/97','DD/MM/RR'), 'y');
INSERT INTO LBD01_VINCULO_USP (NROUSP, TIPOVINC, NOME, DATAINGRESSO, DATANASCIMENTO, ATIVO) VALUES ('58', '2', 'clayton', TO_DATE('30/04/05', 'DD/MM/RR'), TO_DATE('21/11/93','DD/MM/RR'), 'y');
INSERT INTO LBD01_VINCULO_USP (NROUSP, TIPOVINC, NOME, DATAINGRESSO, DATANASCIMENTO, ATIVO) VALUES ('59', '1', 'cledir', TO_DATE('12/07/08', 'DD/MM/RR'), TO_DATE('1/2/96','DD/MM/RR'), 'y');

--LBD02_PROFESSOR
INSERT INTO "LBD02_PROFESSOR" (NROUSP, TITULACAO, PREDIO, SALA) VALUES ('31', 'Doutorado', '4', '11');
INSERT INTO "LBD02_PROFESSOR" (NROUSP, TITULACAO, PREDIO, SALA) VALUES ('35', 'Mestrado', '3', '50');
INSERT INTO "LBD02_PROFESSOR" (NROUSP, TITULACAO, PREDIO, SALA) VALUES ('40', 'Doutorado', '1', '64');

--LBD03_ALUNO
INSERT INTO "LBD03_ALUNO" (NROUSP, IDADE, CIDADENASC, ESTADO) VALUES ('1', '32', 'Araras', 'SP');
INSERT INTO "LBD03_ALUNO" (NROUSP, IDADE, CIDADENASC, ESTADO) VALUES ('2', '24', 'Bauru', 'SP');
INSERT INTO "LBD03_ALUNO" (NROUSP, IDADE, CIDADENASC, ESTADO) VALUES ('3', '15', 'Campinas', 'SP');
INSERT INTO "LBD03_ALUNO" (NROUSP, IDADE, CIDADENASC, ESTADO) VALUES ('4', '13', 'Dourado', 'SP');
INSERT INTO "LBD03_ALUNO" (NROUSP, IDADE, CIDADENASC, ESTADO) VALUES ('21', '19', 'Fernandopolis', 'SP');
INSERT INTO "LBD03_ALUNO" (NROUSP, IDADE, CIDADENASC, ESTADO) VALUES ('36', '18', 'Itapolis', 'SP');
INSERT INTO "LBD03_ALUNO" (NROUSP, IDADE, CIDADENASC, ESTADO) VALUES ('37', '17', 'Jau', 'SP');
INSERT INTO "LBD03_ALUNO" (NROUSP, IDADE, CIDADENASC, ESTADO) VALUES ('39', '19', 'Jales', 'SP');
INSERT INTO "LBD03_ALUNO" (NROUSP, IDADE, CIDADENASC, ESTADO) VALUES ('41', '17', 'Lins', 'SP');
INSERT INTO "LBD03_ALUNO" (NROUSP, IDADE, CIDADENASC, ESTADO) VALUES ('50', '18', 'Matao', 'SP');
INSERT INTO "LBD03_ALUNO" (NROUSP, IDADE, CIDADENASC, ESTADO) VALUES ('51', '13', 'Nova Europa', 'SP');
INSERT INTO "LBD03_ALUNO" (NROUSP, IDADE, CIDADENASC, ESTADO) VALUES ('52', '14', 'Ourinhos', 'SP');
INSERT INTO "LBD03_ALUNO" (NROUSP, IDADE, CIDADENASC, ESTADO) VALUES ('54', '12', 'Rondonopolis', 'SP');
INSERT INTO "LBD03_ALUNO" (NROUSP, IDADE, CIDADENASC, ESTADO) VALUES ('56', '14', 'Salto', 'SP');

--LBD04_FUNCIONARIO
INSERT INTO "LBD04_FUNCIONARIO" (NROUSP, NIVEL, LOTACAO) VALUES ('5', 'Basico', 'ICMC');
INSERT INTO "LBD04_FUNCIONARIO" (NROUSP, NIVEL, LOTACAO) VALUES ('6', 'Tecnico', 'ICMC');
INSERT INTO "LBD04_FUNCIONARIO" (NROUSP, NIVEL, LOTACAO) VALUES ('7', 'Superior', 'IQSC');
INSERT INTO "LBD04_FUNCIONARIO" (NROUSP, NIVEL, LOTACAO) VALUES ('22', 'Tecnico', 'IFSC');

--LBD05_DISCIPLINA
INSERT INTO LBD05_DISCIPLINA (COD, NOME) VALUES ('SCC0261', 'Multimidia');
INSERT INTO LBD05_DISCIPLINA (COD, NOME) VALUES ('SCC0263', 'Tecnicas de Programacao para Web');
INSERT INTO LBD05_DISCIPLINA (COD, NOME) VALUES ('SSC0124', 'Analise e Projeto Orientados a Objetos');
INSERT INTO LBD05_DISCIPLINA (COD, NOME) VALUES ('SSC0722', 'Metodos e Tecnicas para Analise e Projeto de Sistemas Reativos');
INSERT INTO LBD05_DISCIPLINA (COD, NOME) VALUES ('SSC0253', 'Avaliacao de Desempenho de Sistemas Computacionais');
INSERT INTO LBD05_DISCIPLINA (COD, NOME) VALUES ('SSC0740', 'Sistemas Embarcados');
INSERT INTO LBD05_DISCIPLINA (COD, NOME) VALUES ('SSC0721', 'Teste e Inspeção de Software');
INSERT INTO LBD05_DISCIPLINA (COD, NOME) VALUES ('SSC0711', 'Co-Projeto de Hardware/Software para Sistemas Embarcados');

--LBD06_LECIONA
INSERT INTO LBD06_LECIONA (NROUSPPROF, CODDISC) VALUES ('31', 'SCC0261');
INSERT INTO LBD06_LECIONA (NROUSPPROF, CODDISC) VALUES ('31', 'SSC0124');
INSERT INTO LBD06_LECIONA (NROUSPPROF, CODDISC) VALUES ('31', 'SSC0722');
INSERT INTO LBD06_LECIONA (NROUSPPROF, CODDISC) VALUES ('35', 'SCC0261');
INSERT INTO LBD06_LECIONA (NROUSPPROF, CODDISC) VALUES ('35', 'SSC0740');
INSERT INTO LBD06_LECIONA (NROUSPPROF, CODDISC) VALUES ('40', 'SCC0261');
INSERT INTO LBD06_LECIONA (NROUSPPROF, CODDISC) VALUES ('40', 'SSC0721');
INSERT INTO LBD06_LECIONA (NROUSPPROF, CODDISC) VALUES ('35', 'SSC0711');

--LBD07_TURMA
INSERT INTO LBD07_TURMA (NROTURMA, CODDISC, ANO, NROUSPPROF) VALUES ('1', 'SCC0261', '2008', '31');
INSERT INTO LBD07_TURMA (NROTURMA, CODDISC, ANO, NROUSPPROF) VALUES ('2', 'SCC0261', '2008', '31');
INSERT INTO LBD07_TURMA (NROTURMA, CODDISC, ANO, NROUSPPROF) VALUES ('1', 'SSC0124', '2009', '31');
INSERT INTO LBD07_TURMA (NROTURMA, CODDISC, ANO, NROUSPPROF) VALUES ('1', 'SSC0722', '2009', '31');
INSERT INTO LBD07_TURMA (NROTURMA, CODDISC, ANO, NROUSPPROF) VALUES ('3', 'SCC0261', '2008', '35');
INSERT INTO LBD07_TURMA (NROTURMA, CODDISC, ANO, NROUSPPROF) VALUES ('4', 'SCC0261', '2008', '40');
INSERT INTO LBD07_TURMA (NROTURMA, CODDISC, ANO, NROUSPPROF) VALUES ('1', 'SSC0740', '2008', '35');
INSERT INTO LBD07_TURMA (NROTURMA, CODDISC, ANO, NROUSPPROF) VALUES ('2', 'SSC0740', '2008', '35');
INSERT INTO LBD07_TURMA (NROTURMA, CODDISC, ANO, NROUSPPROF) VALUES ('1', 'SSC0721', '2009', '40');
INSERT INTO LBD07_TURMA (NROTURMA, CODDISC, ANO, NROUSPPROF) VALUES ('2', 'SSC0721', '2009', '40');
INSERT INTO LBD07_TURMA (NROTURMA, CODDISC, ANO, NROUSPPROF) VALUES ('3', 'SSC0721', '2009', '40');
INSERT INTO LBD07_TURMA (NROTURMA, CODDISC, ANO, NROUSPPROF) VALUES ('2', 'SSC0124', '2009', '31');

--LBD08_MATRICULA
INSERT INTO LBD08_MATRICULA (NROUSP, NROTURMA, CODDISC, ANO, NOTA) VALUES ('1', '4', 'SCC0261', '2008', 7);
INSERT INTO LBD08_MATRICULA (NROUSP, NROTURMA, CODDISC, ANO, NOTA) VALUES ('1', '1', 'SSC0124', '2009', 6);
INSERT INTO LBD08_MATRICULA (NROUSP, NROTURMA, CODDISC, ANO, NOTA) VALUES ('1', '1', 'SSC0722', '2009', 8);
INSERT INTO LBD08_MATRICULA (NROUSP, NROTURMA, CODDISC, ANO, NOTA) VALUES ('1', '2', 'SSC0740', '2008', 5);
INSERT INTO LBD08_MATRICULA (NROUSP, NROTURMA, CODDISC, ANO, NOTA) VALUES ('1', '3', 'SSC0721', '2009', 4);
INSERT INTO LBD08_MATRICULA (NROUSP, NROTURMA, CODDISC, ANO, NOTA) VALUES ('2', '2', 'SSC0124', '2009', 7);
INSERT INTO LBD08_MATRICULA (NROUSP, NROTURMA, CODDISC, ANO, NOTA) VALUES ('2', '1', 'SCC0261', '2008', 4);
INSERT INTO LBD08_MATRICULA (NROUSP, NROTURMA, CODDISC, ANO, NOTA) VALUES ('2', '2', 'SSC0740', '2008', 3);
INSERT INTO LBD08_MATRICULA (NROUSP, NROTURMA, CODDISC, ANO, NOTA) VALUES ('2', '3', 'SSC0721', '2009', 6);
INSERT INTO LBD08_MATRICULA (NROUSP, NROTURMA, CODDISC, ANO, NOTA) VALUES ('2', '1', 'SSC0722', '2009', 8);
INSERT INTO LBD08_MATRICULA (NROUSP, NROTURMA, CODDISC, ANO, NOTA) VALUES ('3', '1', 'SSC0124', '2009', 4);
INSERT INTO LBD08_MATRICULA (NROUSP, NROTURMA, CODDISC, ANO, NOTA) VALUES ('3', '3', 'SCC0261', '2008', 2);
INSERT INTO LBD08_MATRICULA (NROUSP, NROTURMA, CODDISC, ANO, NOTA) VALUES ('3', '2', 'SSC0740', '2008', 9);
INSERT INTO LBD08_MATRICULA (NROUSP, NROTURMA, CODDISC, ANO, NOTA) VALUES ('3', '2', 'SSC0721', '2009', 8);
INSERT INTO LBD08_MATRICULA (NROUSP, NROTURMA, CODDISC, ANO, NOTA) VALUES ('3', '1', 'SSC0722', '2009', 5);
INSERT INTO LBD08_MATRICULA (NROUSP, NROTURMA, CODDISC, ANO, NOTA) VALUES ('4', '2', 'SSC0124', '2009', 4);
INSERT INTO LBD08_MATRICULA (NROUSP, NROTURMA, CODDISC, ANO, NOTA) VALUES ('4', '4', 'SCC0261', '2008', 3);
INSERT INTO LBD08_MATRICULA (NROUSP, NROTURMA, CODDISC, ANO, NOTA) VALUES ('4', '2', 'SSC0740', '2008', 7);
INSERT INTO LBD08_MATRICULA (NROUSP, NROTURMA, CODDISC, ANO, NOTA) VALUES ('4', '1', 'SSC0721', '2009', 4);
INSERT INTO LBD08_MATRICULA (NROUSP, NROTURMA, CODDISC, ANO, NOTA) VALUES ('4', '1', 'SSC0722', '2009', 3);
INSERT INTO LBD08_MATRICULA (NROUSP, NROTURMA, CODDISC, ANO, NOTA) VALUES ('5', '2', 'SSC0124', '2009', 2);
INSERT INTO LBD08_MATRICULA (NROUSP, NROTURMA, CODDISC, ANO, NOTA) VALUES ('5', '3', 'SCC0261', '2008', 7);
INSERT INTO LBD08_MATRICULA (NROUSP, NROTURMA, CODDISC, ANO, NOTA) VALUES ('5', '1', 'SSC0740', '2008', 8);
INSERT INTO LBD08_MATRICULA (NROUSP, NROTURMA, CODDISC, ANO, NOTA) VALUES ('5', '2', 'SSC0721', '2009', 9);
INSERT INTO LBD08_MATRICULA (NROUSP, NROTURMA, CODDISC, ANO, NOTA) VALUES ('5', '1', 'SSC0722', '2009', 5);
INSERT INTO LBD08_MATRICULA (NROUSP, NROTURMA, CODDISC, ANO, NOTA) VALUES ('7', '2', 'SSC0124', '2009', 4);
INSERT INTO LBD08_MATRICULA (NROUSP, NROTURMA, CODDISC, ANO, NOTA) VALUES ('7', '4', 'SCC0261', '2008', 3);
INSERT INTO LBD08_MATRICULA (NROUSP, NROTURMA, CODDISC, ANO, NOTA) VALUES ('7', '2', 'SSC0740', '2008', 2);
INSERT INTO LBD08_MATRICULA (NROUSP, NROTURMA, CODDISC, ANO, NOTA) VALUES ('7', '2', 'SSC0721', '2009', 7);
INSERT INTO LBD08_MATRICULA (NROUSP, NROTURMA, CODDISC, ANO, NOTA) VALUES ('7', '1', 'SSC0722', '2009', 9);


--LBD09_CURSO_ELETRONICO
INSERT INTO LBD09_CURSO_ELETRONICO (CODCURSO, NROTURMA, CODDISC, ANO, ACEITAEXTERNOS) VALUES ('1', '1', 'SCC0261', '2008', 'y');
INSERT INTO LBD09_CURSO_ELETRONICO (CODCURSO, NROTURMA, CODDISC, ANO, ACEITAEXTERNOS) VALUES ('2', '2', 'SCC0261', '2008', 'y');
INSERT INTO LBD09_CURSO_ELETRONICO (CODCURSO, NROTURMA, CODDISC, ANO, ACEITAEXTERNOS) VALUES ('3', '1', 'SSC0124', '2009', 'y');
INSERT INTO LBD09_CURSO_ELETRONICO (CODCURSO, NROTURMA, CODDISC, ANO, ACEITAEXTERNOS) VALUES ('4', '1', 'SSC0722', '2009', 'y');
INSERT INTO LBD09_CURSO_ELETRONICO (CODCURSO, NROTURMA, CODDISC, ANO, ACEITAEXTERNOS) VALUES ('5', '3', 'SCC0261', '2008', 'y');
INSERT INTO LBD09_CURSO_ELETRONICO (CODCURSO, NROTURMA, CODDISC, ANO, ACEITAEXTERNOS) VALUES ('6', '4', 'SCC0261', '2008', 'y');
INSERT INTO LBD09_CURSO_ELETRONICO (CODCURSO, NROTURMA, CODDISC, ANO, ACEITAEXTERNOS) VALUES ('7', '1', 'SSC0740', '2008', 'y');
INSERT INTO LBD09_CURSO_ELETRONICO (CODCURSO, NROTURMA, CODDISC, ANO, ACEITAEXTERNOS) VALUES ('8', '2', 'SSC0740', '2008', 'y');
INSERT INTO LBD09_CURSO_ELETRONICO (CODCURSO, NROTURMA, CODDISC, ANO, ACEITAEXTERNOS) VALUES ('9', '1', 'SSC0721', '2009', 'y');
INSERT INTO LBD09_CURSO_ELETRONICO (CODCURSO, NROTURMA, CODDISC, ANO, ACEITAEXTERNOS) VALUES ('10', '2', 'SSC0721', '2009', 'y');
INSERT INTO LBD09_CURSO_ELETRONICO (CODCURSO, NROTURMA, CODDISC, ANO, ACEITAEXTERNOS) VALUES ('20', '3', 'SSC0721', '2009', 'y');
INSERT INTO LBD09_CURSO_ELETRONICO (CODCURSO, NROTURMA, CODDISC, ANO, ACEITAEXTERNOS) VALUES ('19', '2', 'SSC0124', '2009', 'y');

INSERT INTO LBD10_PARTICIPANTE (CODCURSO, NROUSP, NOTAFINAL) VALUES ('1', '1','6,5');
INSERT INTO LBD10_PARTICIPANTE (CODCURSO, NROUSP, NOTAFINAL) VALUES ('3', '3','5,5');
INSERT INTO LBD10_PARTICIPANTE (CODCURSO, NROUSP, NOTAFINAL) VALUES ('3', '1','4,0');
INSERT INTO LBD10_PARTICIPANTE (CODCURSO, NROUSP, NOTAFINAL) VALUES ('4', '2','5,9');
INSERT INTO LBD10_PARTICIPANTE (CODCURSO, NROUSP, NOTAFINAL) VALUES ('4', '1','2,5');
INSERT INTO LBD10_PARTICIPANTE (CODCURSO, NROUSP, NOTAFINAL) VALUES ('4', '4','5,8');
INSERT INTO LBD10_PARTICIPANTE (CODCURSO, NROUSP, NOTAFINAL) VALUES ('4', '5','5,5');
INSERT INTO LBD10_PARTICIPANTE (CODCURSO, NROUSP, NOTAFINAL) VALUES ('4', '3','5,5');
INSERT INTO LBD10_PARTICIPANTE (CODCURSO, NROUSP, NOTAFINAL) VALUES ('4', '7','7,7');
INSERT INTO LBD10_PARTICIPANTE (CODCURSO, NROUSP, NOTAFINAL) VALUES ('5', '3','8,5');
INSERT INTO LBD10_PARTICIPANTE (CODCURSO, NROUSP, NOTAFINAL) VALUES ('5', '5','9,5');
INSERT INTO LBD10_PARTICIPANTE (CODCURSO, NROUSP, NOTAFINAL) VALUES ('6', '4','4,6');
INSERT INTO LBD10_PARTICIPANTE (CODCURSO, NROUSP, NOTAFINAL) VALUES ('6', '7','3,5');
INSERT INTO LBD10_PARTICIPANTE (CODCURSO, NROUSP, NOTAFINAL) VALUES ('6', '1','2,5');
INSERT INTO LBD10_PARTICIPANTE (CODCURSO, NROUSP, NOTAFINAL) VALUES ('7', '5','7,4');
INSERT INTO LBD10_PARTICIPANTE (CODCURSO, NROUSP, NOTAFINAL) VALUES ('8', '1','8,5');
INSERT INTO LBD10_PARTICIPANTE (CODCURSO, NROUSP, NOTAFINAL) VALUES ('8', '4','9,2');
INSERT INTO LBD10_PARTICIPANTE (CODCURSO, NROUSP, NOTAFINAL) VALUES ('8', '7','5,3');
INSERT INTO LBD10_PARTICIPANTE (CODCURSO, NROUSP, NOTAFINAL) VALUES ('8', '3','2,5');
INSERT INTO LBD10_PARTICIPANTE (CODCURSO, NROUSP, NOTAFINAL) VALUES ('8', '2','4,5');
INSERT INTO LBD10_PARTICIPANTE (CODCURSO, NROUSP, NOTAFINAL) VALUES ('9', '4','6,4');
INSERT INTO LBD10_PARTICIPANTE (CODCURSO, NROUSP, NOTAFINAL) VALUES ('10', '3','6,5');
INSERT INTO LBD10_PARTICIPANTE (CODCURSO, NROUSP, NOTAFINAL) VALUES ('10', '7','7,5');
INSERT INTO LBD10_PARTICIPANTE (CODCURSO, NROUSP, NOTAFINAL) VALUES ('10', '5','8,5');
INSERT INTO LBD10_PARTICIPANTE (CODCURSO, NROUSP, NOTAFINAL) VALUES ('19', '5','9,5');
INSERT INTO LBD10_PARTICIPANTE (CODCURSO, NROUSP, NOTAFINAL) VALUES ('19', '2','4,5');
INSERT INTO LBD10_PARTICIPANTE (CODCURSO, NROUSP, NOTAFINAL) VALUES ('19', '7','3,5');
INSERT INTO LBD10_PARTICIPANTE (CODCURSO, NROUSP, NOTAFINAL) VALUES ('19', '4','2,6');
INSERT INTO LBD10_PARTICIPANTE (CODCURSO, NROUSP, NOTAFINAL) VALUES ('20', '2','5,5');
INSERT INTO LBD10_PARTICIPANTE (CODCURSO, NROUSP, NOTAFINAL) VALUES ('20', '1','7,5');
INSERT INTO LBD10_PARTICIPANTE (CODCURSO, NROUSP, NOTAFINAL) VALUES ('2', '5','8,9');
INSERT INTO LBD10_PARTICIPANTE (CODCURSO, NROUSP, NOTAFINAL) VALUES ('2', '7','1,5');
INSERT INTO LBD10_PARTICIPANTE (CODCURSO, NROUSP, NOTAFINAL) VALUES ('2', '22','3,5');
INSERT INTO LBD10_PARTICIPANTE (CODCURSO, NROUSP, NOTAFINAL) VALUES ('2', '6','4,0');

--LBD11_GRUPO
INSERT INTO LBD11_GRUPO (NROGRUPO, CODCURSO, NOMEGRUPO) VALUES ('1', '1', 'A');
INSERT INTO LBD11_GRUPO (NROGRUPO, CODCURSO, NOMEGRUPO) VALUES ('1', '2', 'B');
INSERT INTO LBD11_GRUPO (NROGRUPO, CODCURSO, NOMEGRUPO) VALUES ('2', '2', 'C');
INSERT INTO LBD11_GRUPO (NROGRUPO, CODCURSO, NOMEGRUPO) VALUES ('3', '2', 'D');
INSERT INTO LBD11_GRUPO (NROGRUPO, CODCURSO, NOMEGRUPO) VALUES ('1', '3', 'E');
INSERT INTO LBD11_GRUPO (NROGRUPO, CODCURSO, NOMEGRUPO) VALUES ('1', '4', 'F');
INSERT INTO LBD11_GRUPO (NROGRUPO, CODCURSO, NOMEGRUPO) VALUES ('2', '4', 'G');
INSERT INTO LBD11_GRUPO (NROGRUPO, CODCURSO, NOMEGRUPO) VALUES ('3', '4', 'H');
INSERT INTO LBD11_GRUPO (NROGRUPO, CODCURSO, NOMEGRUPO) VALUES ('1', '5', 'I');
INSERT INTO LBD11_GRUPO (NROGRUPO, CODCURSO, NOMEGRUPO) VALUES ('1', '6', 'J');
INSERT INTO LBD11_GRUPO (NROGRUPO, CODCURSO, NOMEGRUPO) VALUES ('2', '6', 'K');
INSERT INTO LBD11_GRUPO (NROGRUPO, CODCURSO, NOMEGRUPO) VALUES ('1', '7', 'L');
INSERT INTO LBD11_GRUPO (NROGRUPO, CODCURSO, NOMEGRUPO) VALUES ('1', '8', 'M');
INSERT INTO LBD11_GRUPO (NROGRUPO, CODCURSO, NOMEGRUPO) VALUES ('2', '8', 'N');
INSERT INTO LBD11_GRUPO (NROGRUPO, CODCURSO, NOMEGRUPO) VALUES ('3', '8', 'O');
INSERT INTO LBD11_GRUPO (NROGRUPO, CODCURSO, NOMEGRUPO) VALUES ('1', '9', 'P');
INSERT INTO LBD11_GRUPO (NROGRUPO, CODCURSO, NOMEGRUPO) VALUES ('1', '10', 'Q');
INSERT INTO LBD11_GRUPO (NROGRUPO, CODCURSO, NOMEGRUPO) VALUES ('2', '10', 'R');
INSERT INTO LBD11_GRUPO (NROGRUPO, CODCURSO, NOMEGRUPO) VALUES ('1', '19', 'S');
INSERT INTO LBD11_GRUPO (NROGRUPO, CODCURSO, NOMEGRUPO) VALUES ('2', '19', 'T');
INSERT INTO LBD11_GRUPO (NROGRUPO, CODCURSO, NOMEGRUPO) VALUES ('1', '20', 'U');
INSERT INTO LBD11_GRUPO (NROGRUPO, CODCURSO, NOMEGRUPO) VALUES ('2', '20', 'V');


--LBD12_COMPOE_GRUPO
INSERT INTO LBD12_COMPOE_GRUPO (NROGRUPO, CODCURSO, NROUSP) VALUES ('1', '1', '1');
INSERT INTO LBD12_COMPOE_GRUPO (NROGRUPO, CODCURSO, NROUSP) VALUES ('1', '2', '5');
INSERT INTO LBD12_COMPOE_GRUPO (NROGRUPO, CODCURSO, NROUSP) VALUES ('1', '2', '7');
INSERT INTO LBD12_COMPOE_GRUPO (NROGRUPO, CODCURSO, NROUSP) VALUES ('2', '2', '22');
INSERT INTO LBD12_COMPOE_GRUPO (NROGRUPO, CODCURSO, NROUSP) VALUES ('3', '2', '6');
INSERT INTO LBD12_COMPOE_GRUPO (NROGRUPO, CODCURSO, NROUSP) VALUES ('1', '3', '3');
INSERT INTO LBD12_COMPOE_GRUPO (NROGRUPO, CODCURSO, NROUSP) VALUES ('1', '3', '1');
INSERT INTO LBD12_COMPOE_GRUPO (NROGRUPO, CODCURSO, NROUSP) VALUES ('1', '4', '2');
INSERT INTO LBD12_COMPOE_GRUPO (NROGRUPO, CODCURSO, NROUSP) VALUES ('1', '4', '1');
INSERT INTO LBD12_COMPOE_GRUPO (NROGRUPO, CODCURSO, NROUSP) VALUES ('2', '4', '4');
INSERT INTO LBD12_COMPOE_GRUPO (NROGRUPO, CODCURSO, NROUSP) VALUES ('2', '4', '5');
INSERT INTO LBD12_COMPOE_GRUPO (NROGRUPO, CODCURSO, NROUSP) VALUES ('3', '4', '3');
INSERT INTO LBD12_COMPOE_GRUPO (NROGRUPO, CODCURSO, NROUSP) VALUES ('3', '4', '7');
INSERT INTO LBD12_COMPOE_GRUPO (NROGRUPO, CODCURSO, NROUSP) VALUES ('1', '5', '3');
INSERT INTO LBD12_COMPOE_GRUPO (NROGRUPO, CODCURSO, NROUSP) VALUES ('1', '5', '5');
INSERT INTO LBD12_COMPOE_GRUPO (NROGRUPO, CODCURSO, NROUSP) VALUES ('1', '6', '4');
INSERT INTO LBD12_COMPOE_GRUPO (NROGRUPO, CODCURSO, NROUSP) VALUES ('2', '6', '7');
INSERT INTO LBD12_COMPOE_GRUPO (NROGRUPO, CODCURSO, NROUSP) VALUES ('2', '6', '1');
INSERT INTO LBD12_COMPOE_GRUPO (NROGRUPO, CODCURSO, NROUSP) VALUES ('1', '7', '5');
INSERT INTO LBD12_COMPOE_GRUPO (NROGRUPO, CODCURSO, NROUSP) VALUES ('1', '8', '1');
INSERT INTO LBD12_COMPOE_GRUPO (NROGRUPO, CODCURSO, NROUSP) VALUES ('1', '8', '4');
INSERT INTO LBD12_COMPOE_GRUPO (NROGRUPO, CODCURSO, NROUSP) VALUES ('2', '8', '7');
INSERT INTO LBD12_COMPOE_GRUPO (NROGRUPO, CODCURSO, NROUSP) VALUES ('2', '8', '3');
INSERT INTO LBD12_COMPOE_GRUPO (NROGRUPO, CODCURSO, NROUSP) VALUES ('3', '8', '2');
INSERT INTO LBD12_COMPOE_GRUPO (NROGRUPO, CODCURSO, NROUSP) VALUES ('1', '9', '4');
INSERT INTO LBD12_COMPOE_GRUPO (NROGRUPO, CODCURSO, NROUSP) VALUES ('1', '10', '3');
INSERT INTO LBD12_COMPOE_GRUPO (NROGRUPO, CODCURSO, NROUSP) VALUES ('1', '10', '5');
INSERT INTO LBD12_COMPOE_GRUPO (NROGRUPO, CODCURSO, NROUSP) VALUES ('2', '10', '7');
INSERT INTO LBD12_COMPOE_GRUPO (NROGRUPO, CODCURSO, NROUSP) VALUES ('1', '19', '5');
INSERT INTO LBD12_COMPOE_GRUPO (NROGRUPO, CODCURSO, NROUSP) VALUES ('1', '19', '2');
INSERT INTO LBD12_COMPOE_GRUPO (NROGRUPO, CODCURSO, NROUSP) VALUES ('2', '19', '7');
INSERT INTO LBD12_COMPOE_GRUPO (NROGRUPO, CODCURSO, NROUSP) VALUES ('2', '19', '4');
INSERT INTO LBD12_COMPOE_GRUPO (NROGRUPO, CODCURSO, NROUSP) VALUES ('1', '20', '2');
INSERT INTO LBD12_COMPOE_GRUPO (NROGRUPO, CODCURSO, NROUSP) VALUES ('2', '20', '1');



--LBD13_TRABALHO
INSERT INTO LBD13_TRABALHO (NROTRABALHO, CODCURSO, DESCRICAO) VALUES ('1', '1', 'ddee');
INSERT INTO LBD13_TRABALHO (NROTRABALHO, CODCURSO, DESCRICAO) VALUES ('2', '1', 'ccdd');
INSERT INTO LBD13_TRABALHO (NROTRABALHO, CODCURSO, DESCRICAO) VALUES ('3', '1', 'bbcc');
INSERT INTO LBD13_TRABALHO (NROTRABALHO, CODCURSO, DESCRICAO) VALUES ('1', '2', 'aabb');
INSERT INTO LBD13_TRABALHO (NROTRABALHO, CODCURSO, DESCRICAO) VALUES ('2', '2', 'yz');
INSERT INTO LBD13_TRABALHO (NROTRABALHO, CODCURSO, DESCRICAO) VALUES ('3', '2', 'xy');
INSERT INTO LBD13_TRABALHO (NROTRABALHO, CODCURSO, DESCRICAO) VALUES ('4', '2', 'wx');
INSERT INTO LBD13_TRABALHO (NROTRABALHO, CODCURSO, DESCRICAO) VALUES ('1', '3', 'vw');
INSERT INTO LBD13_TRABALHO (NROTRABALHO, CODCURSO, DESCRICAO) VALUES ('2', '3', 'uv');
INSERT INTO LBD13_TRABALHO (NROTRABALHO, CODCURSO, DESCRICAO) VALUES ('1', '4', 'tu');
INSERT INTO LBD13_TRABALHO (NROTRABALHO, CODCURSO, DESCRICAO) VALUES ('2', '4', 'st');
INSERT INTO LBD13_TRABALHO (NROTRABALHO, CODCURSO, DESCRICAO) VALUES ('3', '4', 'rs');
INSERT INTO LBD13_TRABALHO (NROTRABALHO, CODCURSO, DESCRICAO) VALUES ('4', '4', 'qr');
INSERT INTO LBD13_TRABALHO (NROTRABALHO, CODCURSO, DESCRICAO) VALUES ('1', '5', 'pq');
INSERT INTO LBD13_TRABALHO (NROTRABALHO, CODCURSO, DESCRICAO) VALUES ('1', '6', 'op');
INSERT INTO LBD13_TRABALHO (NROTRABALHO, CODCURSO, DESCRICAO) VALUES ('2', '6', 'no');
INSERT INTO LBD13_TRABALHO (NROTRABALHO, CODCURSO, DESCRICAO) VALUES ('1', '7', 'mn');
INSERT INTO LBD13_TRABALHO (NROTRABALHO, CODCURSO, DESCRICAO) VALUES ('2', '7', 'lm');
INSERT INTO LBD13_TRABALHO (NROTRABALHO, CODCURSO, DESCRICAO) VALUES ('1', '8', 'kl');
INSERT INTO LBD13_TRABALHO (NROTRABALHO, CODCURSO, DESCRICAO) VALUES ('1', '9', 'jk');
INSERT INTO LBD13_TRABALHO (NROTRABALHO, CODCURSO, DESCRICAO) VALUES ('1', '10', 'ij');
INSERT INTO LBD13_TRABALHO (NROTRABALHO, CODCURSO, DESCRICAO) VALUES ('2', '10', 'hi');
INSERT INTO LBD13_TRABALHO (NROTRABALHO, CODCURSO, DESCRICAO) VALUES ('3', '10', 'gh');
INSERT INTO LBD13_TRABALHO (NROTRABALHO, CODCURSO, DESCRICAO) VALUES ('4', '10', 'fg');
INSERT INTO LBD13_TRABALHO (NROTRABALHO, CODCURSO, DESCRICAO) VALUES ('1', '19', 'ef');
INSERT INTO LBD13_TRABALHO (NROTRABALHO, CODCURSO, DESCRICAO) VALUES ('2', '19', 'de');
INSERT INTO LBD13_TRABALHO (NROTRABALHO, CODCURSO, DESCRICAO) VALUES ('3', '19', 'cd');
INSERT INTO LBD13_TRABALHO (NROTRABALHO, CODCURSO, DESCRICAO) VALUES ('1', '20', 'bc');
INSERT INTO LBD13_TRABALHO (NROTRABALHO, CODCURSO, DESCRICAO) VALUES ('2', '20', 'ab');




--LBD14_ENTREGA_TRABALHO
INSERT INTO LBD14_ENTREGA_TRABALHO (NROTRABALHO, NROGRUPO, CODCURSO, DATAHORARIOENTREGA, NOTA) VALUES ('1', '1', '1', TO_DATE('29/07/10', 'DD/MM/RR'), '5,6');
INSERT INTO LBD14_ENTREGA_TRABALHO (NROTRABALHO, NROGRUPO, CODCURSO, DATAHORARIOENTREGA, NOTA) VALUES ('2', '1', '1', TO_DATE('29/06/10', 'DD/MM/RR'), '7,7');
INSERT INTO LBD14_ENTREGA_TRABALHO (NROTRABALHO, NROGRUPO, CODCURSO, DATAHORARIOENTREGA, NOTA) VALUES ('3', '1', '1', TO_DATE('29/09/10', 'DD/MM/RR'), '6,9');
INSERT INTO LBD14_ENTREGA_TRABALHO (NROTRABALHO, NROGRUPO, CODCURSO, DATAHORARIOENTREGA, NOTA) VALUES ('1', '2', '2', TO_DATE('29/07/10', 'DD/MM/RR'), '5,5');
INSERT INTO LBD14_ENTREGA_TRABALHO (NROTRABALHO, NROGRUPO, CODCURSO, DATAHORARIOENTREGA, NOTA) VALUES ('2', '2', '2', TO_DATE('25/05/10', 'DD/MM/RR'), '8,8');
INSERT INTO LBD14_ENTREGA_TRABALHO (NROTRABALHO, NROGRUPO, CODCURSO, DATAHORARIOENTREGA, NOTA) VALUES ('3', '2', '2', TO_DATE('29/09/10', 'DD/MM/RR'), '9,5');
INSERT INTO LBD14_ENTREGA_TRABALHO (NROTRABALHO, NROGRUPO, CODCURSO, DATAHORARIOENTREGA, NOTA) VALUES ('4', '2', '2', TO_DATE('30/10/10', 'DD/MM/RR'), '4,5');
INSERT INTO LBD14_ENTREGA_TRABALHO (NROTRABALHO, NROGRUPO, CODCURSO, DATAHORARIOENTREGA, NOTA) VALUES ('1', '1', '2', TO_DATE('29/07/10', 'DD/MM/RR'), '3,5');
INSERT INTO LBD14_ENTREGA_TRABALHO (NROTRABALHO, NROGRUPO, CODCURSO, DATAHORARIOENTREGA, NOTA) VALUES ('2', '1', '2', TO_DATE('24/05/10', 'DD/MM/RR'), '8,2');
INSERT INTO LBD14_ENTREGA_TRABALHO (NROTRABALHO, NROGRUPO, CODCURSO, DATAHORARIOENTREGA, NOTA) VALUES ('3', '1', '2', TO_DATE('29/09/10', 'DD/MM/RR'), '9,5');
INSERT INTO LBD14_ENTREGA_TRABALHO (NROTRABALHO, NROGRUPO, CODCURSO, DATAHORARIOENTREGA, NOTA) VALUES ('4', '1', '2', TO_DATE('20/10/10', 'DD/MM/RR'), '5,4');
INSERT INTO LBD14_ENTREGA_TRABALHO (NROTRABALHO, NROGRUPO, CODCURSO, DATAHORARIOENTREGA, NOTA) VALUES ('1', '3', '2', TO_DATE('30/07/10', 'DD/MM/RR'), '2,5');
INSERT INTO LBD14_ENTREGA_TRABALHO (NROTRABALHO, NROGRUPO, CODCURSO, DATAHORARIOENTREGA, NOTA) VALUES ('2', '3', '2', TO_DATE('22/05/10', 'DD/MM/RR'), '1,5');
INSERT INTO LBD14_ENTREGA_TRABALHO (NROTRABALHO, NROGRUPO, CODCURSO, DATAHORARIOENTREGA, NOTA) VALUES ('3', '3', '2', TO_DATE('27/09/10', 'DD/MM/RR'), '5,7');
INSERT INTO LBD14_ENTREGA_TRABALHO (NROTRABALHO, NROGRUPO, CODCURSO, DATAHORARIOENTREGA, NOTA) VALUES ('4', '3', '2', TO_DATE('21/10/10', 'DD/MM/RR'), '7,9');


--LBD15_TIPO_RECURSO
INSERT INTO LBD15_TIPO_RECURSO (CODTIPO, NOME, DESCRICAO, REQUISITOS) VALUES ('1', 'Lista de exercicios', 'Arquivo pdf', 'Adobe Reader');
INSERT INTO LBD15_TIPO_RECURSO (CODTIPO, NOME, DESCRICAO, REQUISITOS) VALUES ('2', 'Ilustracao', 'Arquivo jpg', 'Visualizador de imagens');
INSERT INTO LBD15_TIPO_RECURSO (CODTIPO, NOME, DESCRICAO, REQUISITOS) VALUES ('3', 'Video aula', 'Arquivo mpeg', 'Player de video');
INSERT INTO LBD15_TIPO_RECURSO (CODTIPO, NOME, DESCRICAO, REQUISITOS) VALUES ('4', 'Material didatico', 'Aquivo pdf', 'Adobe Reader');
INSERT INTO LBD15_TIPO_RECURSO (CODTIPO, NOME, DESCRICAO, REQUISITOS) VALUES ('5', 'Video exemplo', 'Arquivo mpeg', 'Player de video');
INSERT INTO LBD15_TIPO_RECURSO (CODTIPO, NOME, DESCRICAO, REQUISITOS) VALUES ('6', 'Conjunto de recursos', 'Arquivo compacto', 'Decompressor rar');
INSERT INTO LBD15_TIPO_RECURSO (CODTIPO, NOME, DESCRICAO, REQUISITOS) VALUES ('7', 'Aviso', 'Texto simples', 'Nenhum');
INSERT INTO LBD15_TIPO_RECURSO (CODTIPO, NOME, DESCRICAO, REQUISITOS) VALUES ('8', 'Apresentacao', 'Slides', 'Software Powerpoint');


--LBD16_RECURSO_ELETRONICO
INSERT INTO LBD16_RECURSO_ELETRONICO (NRORECURSO, CODCURSO, NOME, TIPO, DESCRICAO) VALUES ('1', '1', 'R1', '1', 'Lista de exercicios 1');
INSERT INTO LBD16_RECURSO_ELETRONICO (NRORECURSO, CODCURSO, NOME, TIPO, DESCRICAO) VALUES ('2', '1', 'R2', '1', 'Lista de exercicios 2');
INSERT INTO LBD16_RECURSO_ELETRONICO (NRORECURSO, CODCURSO, NOME, TIPO, DESCRICAO) VALUES ('3', '2', 'R3', '1', 'Lista de exercicios 3');
INSERT INTO LBD16_RECURSO_ELETRONICO (NRORECURSO, CODCURSO, NOME, TIPO, DESCRICAO) VALUES ('4', '2', 'R4', '8', 'Aula 1');
INSERT INTO LBD16_RECURSO_ELETRONICO (NRORECURSO, CODCURSO, NOME, TIPO, DESCRICAO) VALUES ('5', '2', 'R5', '8', 'Aula 2');
INSERT INTO LBD16_RECURSO_ELETRONICO (NRORECURSO, CODCURSO, NOME, TIPO, DESCRICAO) VALUES ('6', '2', 'R6', '8', 'Aula 3');
INSERT INTO LBD16_RECURSO_ELETRONICO (NRORECURSO, CODCURSO, NOME, TIPO, DESCRICAO) VALUES ('7', '2', 'R7', '3', 'Video exemplo');
INSERT INTO LBD16_RECURSO_ELETRONICO (NRORECURSO, CODCURSO, NOME, TIPO, DESCRICAO) VALUES ('8', '3', 'R8', '3', 'Video aula');
INSERT INTO LBD16_RECURSO_ELETRONICO (NRORECURSO, CODCURSO, NOME, TIPO, DESCRICAO) VALUES ('9', '4', 'R9', '8', 'Aula');
INSERT INTO LBD16_RECURSO_ELETRONICO (NRORECURSO, CODCURSO, NOME, TIPO, DESCRICAO) VALUES ('10', '4', 'R10', '1', 'Lista de exercicios');
INSERT INTO LBD16_RECURSO_ELETRONICO (NRORECURSO, CODCURSO, NOME, TIPO, DESCRICAO) VALUES ('11', '4', 'R11', '4', 'Apostila eletronica');
INSERT INTO LBD16_RECURSO_ELETRONICO (NRORECURSO, CODCURSO, NOME, TIPO, DESCRICAO) VALUES ('12', '5', 'R12', '1', 'Exercicios');
INSERT INTO LBD16_RECURSO_ELETRONICO (NRORECURSO, CODCURSO, NOME, TIPO, DESCRICAO) VALUES ('13', '6', 'R13', '2', 'Ilustracao');
INSERT INTO LBD16_RECURSO_ELETRONICO (NRORECURSO, CODCURSO, NOME, TIPO, DESCRICAO) VALUES ('14', '6', 'R14', '8', 'Aula 1');
INSERT INTO LBD16_RECURSO_ELETRONICO (NRORECURSO, CODCURSO, NOME, TIPO, DESCRICAO) VALUES ('15', '6', 'R15', '8', 'Aula 2');
INSERT INTO LBD16_RECURSO_ELETRONICO (NRORECURSO, CODCURSO, NOME, TIPO, DESCRICAO) VALUES ('16', '7', 'R16', '3', 'Video');
INSERT INTO LBD16_RECURSO_ELETRONICO (NRORECURSO, CODCURSO, NOME, TIPO, DESCRICAO) VALUES ('17', '8', 'R17', '4', 'Apostila eletronica');
INSERT INTO LBD16_RECURSO_ELETRONICO (NRORECURSO, CODCURSO, NOME, TIPO, DESCRICAO) VALUES ('18', '9', 'R18', '8', 'Aula 1');
INSERT INTO LBD16_RECURSO_ELETRONICO (NRORECURSO, CODCURSO, NOME, TIPO, DESCRICAO) VALUES ('19', '9', 'R19', '8', 'Aula 2');
INSERT INTO LBD16_RECURSO_ELETRONICO (NRORECURSO, CODCURSO, NOME, TIPO, DESCRICAO) VALUES ('20', '19', 'R20', '4', 'Livro eletronico');
INSERT INTO LBD16_RECURSO_ELETRONICO (NRORECURSO, CODCURSO, NOME, TIPO, DESCRICAO) VALUES ('21', '1', 'R21', '7', 'Aviso');
INSERT INTO LBD16_RECURSO_ELETRONICO (NRORECURSO, CODCURSO, NOME, TIPO, DESCRICAO) VALUES ('22', '2', 'R22', '7', 'Aviso');
INSERT INTO LBD16_RECURSO_ELETRONICO (NRORECURSO, CODCURSO, NOME, TIPO, DESCRICAO) VALUES ('23', '3', 'R23', '7', 'Aviso');
INSERT INTO LBD16_RECURSO_ELETRONICO (NRORECURSO, CODCURSO, NOME, TIPO, DESCRICAO) VALUES ('24', '4', 'R24', '7', 'Aviso');
INSERT INTO LBD16_RECURSO_ELETRONICO (NRORECURSO, CODCURSO, NOME, TIPO, DESCRICAO) VALUES ('25', '5', 'R25', '7', 'Aviso');
INSERT INTO LBD16_RECURSO_ELETRONICO (NRORECURSO, CODCURSO, NOME, TIPO, DESCRICAO) VALUES ('26', '6', 'R26', '7', 'Aviso');
INSERT INTO LBD16_RECURSO_ELETRONICO (NRORECURSO, CODCURSO, NOME, TIPO, DESCRICAO) VALUES ('27', '7', 'R27', '7', 'Aviso');
INSERT INTO LBD16_RECURSO_ELETRONICO (NRORECURSO, CODCURSO, NOME, TIPO, DESCRICAO) VALUES ('28', '8', 'R28', '7', 'Aviso');
INSERT INTO LBD16_RECURSO_ELETRONICO (NRORECURSO, CODCURSO, NOME, TIPO, DESCRICAO) VALUES ('29', '9', 'R29', '7', 'Aviso');
INSERT INTO LBD16_RECURSO_ELETRONICO (NRORECURSO, CODCURSO, NOME, TIPO, DESCRICAO) VALUES ('30', '19', 'R30', '7', 'Aviso');